Workbook

Sheet Summary
A1: Intelligrator — User Story Backlog
A2: Requester journey (MFT + API submission) and Approver journey (accept / reject)
A3: Version 1.0 · 14 July 2026 · Boomi iPaaS, Boomi native MFT (Thru), Boomi API Management
A5: Totals
A6: Total stories | B6: =COUNTA(Backlog!$A$2:$A$50) -> 49
A7: Total story points | B7: =SUM(Backlog!$H$2:$H$50) -> 242
A8: Must have | B8: =COUNTIF(Backlog!$G$2:$G$50,"Must") -> 39
A9: Should have | B9: =COUNTIF(Backlog!$G$2:$G$50,"Should") -> 9
A10: Could have | B10: =COUNTIF(Backlog!$G$2:$G$50,"Could") -> 1
A11: Must-have points | B11: =SUMIF(Backlog!$G$2:$G$50,"Must",Backlog!$H$2:$H$50) -> 204
A12: Total acceptance criteria | B12: =COUNTA('Acceptance Criteria'!$A$2:$A$207) -> 206
A15: By epic
A16: Epic | B16: Name | C16: Primary persona | D16: Stories | E16: Points | F16: Must | G16: Should | H16: Could
A17: E1 | B17: Portal Access & Identity | C17: P1 / P2 | D17: =COUNTIF(Backlog!$B$2:$B$50,$A17) -> 5 | E17: =SUMIF(Backlog!$B$2:$B$50,$A17,Backlog!$H$2:$H$50) -> 16 | F17: =COUNTIFS(Backlog!$B$2:$B$50,$A17,Backlog!$G$2:$G$50,"Must") -> 4 | G17: =COUNTIFS(Backlog!$B$2:$B$50,$A17,Backlog!$G$2:$G$50,"Should") -> 1 | H17: =COUNTIFS(Backlog!$B$2:$B$50,$A17,Backlog!$G$2:$G$50,"Could") -> 0
A18: E2 | B18: Request Initiation & Guidance | C18: P1 | D18: =COUNTIF(Backlog!$B$2:$B$50,$A18) -> 3 | E18: =SUMIF(Backlog!$B$2:$B$50,$A18,Backlog!$H$2:$H$50) -> 16 | F18: =COUNTIFS(Backlog!$B$2:$B$50,$A18,Backlog!$G$2:$G$50,"Must") -> 3 | G18: =COUNTIFS(Backlog!$B$2:$B$50,$A18,Backlog!$G$2:$G$50,"Should") -> 0 | H18: =COUNTIFS(Backlog!$B$2:$B$50,$A18,Backlog!$G$2:$G$50,"Could") -> 0
A19: E3 | B19: MFT Request Submission | C19: P1 | D19: =COUNTIF(Backlog!$B$2:$B$50,$A19) -> 10 | E19: =SUMIF(Backlog!$B$2:$B$50,$A19,Backlog!$H$2:$H$50) -> 52 | F19: =COUNTIFS(Backlog!$B$2:$B$50,$A19,Backlog!$G$2:$G$50,"Must") -> 10 | G19: =COUNTIFS(Backlog!$B$2:$B$50,$A19,Backlog!$G$2:$G$50,"Should") -> 0 | H19: =COUNTIFS(Backlog!$B$2:$B$50,$A19,Backlog!$G$2:$G$50,"Could") -> 0
A20: E4 | B20: API Request Submission | C20: P1 | D20: =COUNTIF(Backlog!$B$2:$B$50,$A20) -> 7 | E20: =SUMIF(Backlog!$B$2:$B$50,$A20,Backlog!$H$2:$H$50) -> 39 | F20: =COUNTIFS(Backlog!$B$2:$B$50,$A20,Backlog!$G$2:$G$50,"Must") -> 6 | G20: =COUNTIFS(Backlog!$B$2:$B$50,$A20,Backlog!$G$2:$G$50,"Should") -> 1 | H20: =COUNTIFS(Backlog!$B$2:$B$50,$A20,Backlog!$G$2:$G$50,"Could") -> 0
A21: E5 | B21: Track, Amend & Withdraw | C21: P1 | D21: =COUNTIF(Backlog!$B$2:$B$50,$A21) -> 6 | E21: =SUMIF(Backlog!$B$2:$B$50,$A21,Backlog!$H$2:$H$50) -> 23 | F21: =COUNTIFS(Backlog!$B$2:$B$50,$A21,Backlog!$G$2:$G$50,"Must") -> 3 | G21: =COUNTIFS(Backlog!$B$2:$B$50,$A21,Backlog!$G$2:$G$50,"Should") -> 3 | H21: =COUNTIFS(Backlog!$B$2:$B$50,$A21,Backlog!$G$2:$G$50,"Could") -> 0
A22: E6 | B22: Admin Access & Approval Queue | C22: P2 | D22: =COUNTIF(Backlog!$B$2:$B$50,$A22) -> 4 | E22: =SUMIF(Backlog!$B$2:$B$50,$A22,Backlog!$H$2:$H$50) -> 26 | F22: =COUNTIFS(Backlog!$B$2:$B$50,$A22,Backlog!$G$2:$G$50,"Must") -> 4 | G22: =COUNTIFS(Backlog!$B$2:$B$50,$A22,Backlog!$G$2:$G$50,"Should") -> 0 | H22: =COUNTIFS(Backlog!$B$2:$B$50,$A22,Backlog!$G$2:$G$50,"Could") -> 0
A23: E7 | B23: Decision: Accept / Reject | C23: P2 | D23: =COUNTIF(Backlog!$B$2:$B$50,$A23) -> 7 | E23: =SUMIF(Backlog!$B$2:$B$50,$A23,Backlog!$H$2:$H$50) -> 31 | F23: =COUNTIFS(Backlog!$B$2:$B$50,$A23,Backlog!$G$2:$G$50,"Must") -> 4 | G23: =COUNTIFS(Backlog!$B$2:$B$50,$A23,Backlog!$G$2:$G$50,"Should") -> 2 | H23: =COUNTIFS(Backlog!$B$2:$B$50,$A23,Backlog!$G$2:$G$50,"Could") -> 1
A24: E8 | B24: Provisioning on Approval | C24: P2 / P3 | D24: =COUNTIF(Backlog!$B$2:$B$50,$A24) -> 3 | E24: =SUMIF(Backlog!$B$2:$B$50,$A24,Backlog!$H$2:$H$50) -> 21 | F24: =COUNTIFS(Backlog!$B$2:$B$50,$A24,Backlog!$G$2:$G$50,"Must") -> 3 | G24: =COUNTIFS(Backlog!$B$2:$B$50,$A24,Backlog!$G$2:$G$50,"Should") -> 0 | H24: =COUNTIFS(Backlog!$B$2:$B$50,$A24,Backlog!$G$2:$G$50,"Could") -> 0
A25: E9 | B25: Audit, Reporting & NFRs | C25: All | D25: =COUNTIF(Backlog!$B$2:$B$50,$A25) -> 4 | E25: =SUMIF(Backlog!$B$2:$B$50,$A25,Backlog!$H$2:$H$50) -> 18 | F25: =COUNTIFS(Backlog!$B$2:$B$50,$A25,Backlog!$G$2:$G$50,"Must") -> 2 | G25: =COUNTIFS(Backlog!$B$2:$B$50,$A25,Backlog!$G$2:$G$50,"Should") -> 2 | H25: =COUNTIFS(Backlog!$B$2:$B$50,$A25,Backlog!$G$2:$G$50,"Could") -> 0
B26: TOTAL | D26: =SUM(D17:D25) -> 49 | E26: =SUM(E17:E25) -> 242 | F26: =SUM(F17:F25) -> 39 | G26: =SUM(G17:G25) -> 9 | H26: =SUM(H17:H25) -> 1
A29: Legend / how to use
A30: • Yellow-filled, blue-text cells on the Backlog and Acceptance Criteria sheets are yours to fill in: Sprint, Status, Owner, Notes, Test Ref, Pass/Fail.
A31: • Every other cell is either source content or a formula. Do not overtype a formula — the Summary sheet recalculates from the Backlog sheet.
A32: • Status on the Backlog sheet is a drop-down: Not started / In refinement / Ready / In progress / In test / Done / Deferred.
A33: • Story IDs are stable and are the join key between the Backlog and Acceptance Criteria sheets. Do not renumber them.
A34: • Example row: Sprint = "Sprint 1", Status = "Ready", Owner = "A. Patel", Notes = "Depends on IdP group config".
A35: • Points are unmodified planning-poker estimates carried from refinement; they are inputs, not calculations.

Sheet Backlog
A1: Story ID | B1: Epic | C1: Epic Name | D1: Persona | E1: Title | F1: User Story | G1: Priority | H1: Points | I1: AC Count | J1: Sprint | K1: Status | L1: Owner | M1: Notes
A2: ACC-01 | B2: E1 | C2: Portal Access & Identity | D2: Standard User | E2: Discover the portal and understand what it is for | F2: As a Standard User, I want a landing page that explains what Intelligrator onboards and what it does not, so that I do not waste time submitting a request the portal cannot service. | G2: Must | H2: 3 | I2: =COUNTIF('Acceptance Criteria'!$A$2:$A$500,A2) -> 4 | K2: Not started
A3: ACC-02 | B3: E1 | C3: Portal Access & Identity | D3: Standard User | E3: Sign in with departmental single sign-on | F3: As a Standard User, I want to sign in using my existing departmental identity via SSO, so that I do not need another credential and my access reflects my organisational role. | G3: Must | H3: 5 | I3: =COUNTIF('Acceptance Criteria'!$A$2:$A$500,A3) -> 4 | K3: Not started
A4: ACC-03 | B4: E1 | C4: Portal Access & Identity | D4: Standard User | E4: Role-based landing dashboard | F4: As a Standard User, I want a dashboard on sign-in showing my requests and a clear call to action to raise a new one, so that I can pick up where I left off in one click. | G4: Must | H4: 3 | I4: =COUNTIF('Acceptance Criteria'!$A$2:$A$500,A4) -> 4 | K4: Not started
A5: ACC-04 | B5: E1 | C5: Portal Access & Identity | D5: Standard User | E5: Organisation and service-line context | F5: As a Standard User, I want my requests automatically associated with my organisation and service line, so that approval routing and ownership are correct without manual entry. | G5: Must | H5: 3 | I5: =COUNTIF('Acceptance Criteria'!$A$2:$A$500,A5) -> 3 | K5: Not started
A6: ACC-05 | B6: E1 | C6: Portal Access & Identity | D6: Standard User | E6: Secure session handling and sign-out | F6: As a Standard User, I want my session to expire on inactivity and to be able to sign out explicitly, so that an unattended machine cannot be used to submit or approve requests. | G6: Should | H6: 2 | I6: =COUNTIF('Acceptance Criteria'!$A$2:$A$500,A6) -> 4 | K6: Not started
A7: REQ-01 | B7: E2 | C7: Request Initiation & Guidance | D7: Standard User | E7: Choose the request type: MFT or API | F7: As a Standard User, I want to choose whether I am requesting a file transfer or an API, so that I am shown only the fields relevant to my interface. | G7: Must | H7: 3 | I7: =COUNTIF('Acceptance Criteria'!$A$2:$A$500,A7) -> 4 | K7: Not started
A8: REQ-02 | B8: E2 | C8: Request Initiation & Guidance | D8: Standard User | E8: Guided pattern selection with anti-pattern detection | F8: As a Standard User, I want the portal to ask me about my non-functional needs and recommend the right interaction style, so that I do not accidentally request an async workload disguised as a synchronous API. | G8: Must | H8: 8 | I8: =COUNTIF('Acceptance Criteria'!$A$2:$A$500,A8) -> 4 | K8: Not started
A9: REQ-03 | B9: E2 | C9: Request Initiation & Guidance | D9: Standard User | E9: Save a draft and resume later | F9: As a Standard User, I want to save a partially completed request and come back to it, so that I can go and find information I do not have to hand without losing my work. | G9: Must | H9: 5 | I9: =COUNTIF('Acceptance Criteria'!$A$2:$A$500,A9) -> 4 | K9: Not started
A10: MFT-01 | B10: E3 | C10: MFT Request Submission | D10: Standard User | E10: Capture MFT interface identity and ownership | F10: As a Standard User, I want to name my file transfer interface and record who owns it, so that it can be uniquely identified, supported and charged correctly for its whole life. | G10: Must | H10: 5 | I10: =COUNTIF('Acceptance Criteria'!$A$2:$A$500,A10) -> 4 | K10: Not started
A11: MFT-02 | B11: E3 | C11: MFT Request Submission | D11: Standard User | E11: Define source and target endpoints and transfer direction | F11: As a Standard User, I want to declare where the file comes from and where it goes, and by what protocol, so that the generic MFT engine can be configured without any bespoke build. | G11: Must | H11: 8 | I11: =COUNTIF('Acceptance Criteria'!$A$2:$A$500,A11) -> 4 | K11: Not started
A12: MFT-03 | B12: E3 | C12: MFT Request Submission | D12: Standard User | E12: Specify file characteristics and volumetrics | F12: As a Standard User, I want to describe the files themselves, so that the platform can validate what arrives and capacity-plan for it. | G12: Must | H12: 5 | I12: =COUNTIF('Acceptance Criteria'!$A$2:$A$500,A12) -> 4 | K12: Not started
A13: MFT-04 | B13: E3 | C13: MFT Request Submission | D13: Standard User | E13: Specify the trigger: event-driven, polled or scheduled | F13: As a Standard User, I want to declare how the transfer is initiated, so that the engine either watches, polls or schedules it correctly. | G13: Must | H13: 5 | I13: =COUNTIF('Acceptance Criteria'!$A$2:$A$500,A13) -> 4 | K13: Not started
... A50: NFR-02 | B50: E9 | C50: Audit, Reporting & NFRs | D50: All | E50: Meet performance and availability targets | F50: As any user, I want the portal to be responsive and available, so that it is faster to self-serve than to raise a ticket — otherwise nobody will use it. | G50: Should | H50: 3 | I50: =COUNTIF('Acceptance Criteria'!$A$2:$A$500,A50) -> 4 | K50: Not started

Sheet Acceptance Criteria
A1: Story ID | B1: Epic | C1: Story Title | D1: AC # | E1: Acceptance Criterion (Given / When / Then) | F1: Test Ref | G1: Pass/Fail
A2: ACC-01 | B2: E1 | C2: Discover the portal and understand what it is for | D2: 1 | E2: Given I am an unauthenticated visitor, when I open the portal URL, then I see a landing page stating that Intelligrator onboards Managed File Transfer interfaces and APIs.
A3: ACC-01 | B3: E1 | C3: Discover the portal and understand what it is for | D3: 2 | E3: And I see an explicit "not in scope" statement (no runtime data flows through the portal; no bespoke Boomi process build requests).
A4: ACC-01 | B4: E1 | C4: Discover the portal and understand what it is for | D4: 3 | E4: And I see a single, prominent "Sign in" action.
A5: ACC-01 | B5: E1 | C5: Discover the portal and understand what it is for | D5: 4 | E5: And I see links to the Integration Pattern Catalogue so I can self-assess which pattern applies before signing in.
A6: ACC-02 | B6: E1 | C6: Sign in with departmental single sign-on | D6: 1 | E6: Given I hold a valid departmental identity, when I select "Sign in", then I am redirected to the corporate IdP (OIDC/SAML) and returned authenticated.
A7: ACC-02 | B7: E1 | C7: Sign in with departmental single sign-on | D7: 2 | E7: Given authentication succeeds, when I land in the portal, then my display name, email and organisational unit are populated from IdP claims without me typing them.
A8: ACC-02 | B8: E1 | C8: Sign in with departmental single sign-on | D8: 3 | E8: Given my IdP group entitles me only to the requester role, when I land, then no administrative navigation is rendered anywhere in the UI (not merely hidden by CSS).
A9: ACC-02 | B9: E1 | C9: Sign in with departmental single sign-on | D9: 4 | E9: Given authentication fails, when I am returned, then I see a clear, non-technical error and a route to service support.
A10: ACC-03 | B10: E1 | C10: Role-based landing dashboard | D10: 1 | E10: Given I sign in as a requester, when the dashboard loads, then I see counts for Draft, Submitted, Awaiting Info, Approved and Rejected.
A11: ACC-03 | B11: E1 | C11: Role-based landing dashboard | D11: 2 | E11: And I see a primary "New request" button.
A12: ACC-03 | B12: E1 | C12: Role-based landing dashboard | D12: 3 | E12: And I see my five most recently updated requests with status and last-updated timestamp.
A13: ACC-03 | B13: E1 | C13: Role-based landing dashboard | D13: 4 | E13: Given I have no requests, when the dashboard loads, then I see an empty state that explains the next step rather than a blank panel.
... A207: NFR-02 | B207: E9 | C207: Meet performance and availability targets | D207: 4 | E207: Given the service level is defined, when availability is measured, then it is reported against the agreed SLO in the reporting view (AUD-02).
