Workbook

Sheet Phase Plan
A1: Intelligrator — Phased Productionisation Plan
A2: 6 phases · 60 weeks · MVP live at week 14 · Boomi iPaaS, native MFT (Thru), API Management
A3: Version 2.0 · 14 July 2026
A5: Phase | B5: Name | C5: Theme | D5: Weeks | E5: Start Wk | F5: End Wk | G5: Stories | H5: Points | I5: Must | J5: Should | K5: Could | L5: Goal
A6: P0 | B6: Foundations | C6: Platform enablement | D6: Weeks 1–4 | E6: 1 | F6: 4 | G6: =COUNTIF(Backlog!$A$2:$A$66,$A6) -> 0 | H6: =SUMIF(Backlog!$A$2:$A$66,$A6,Backlog!$J$2:$J$66) -> 0 | I6: =COUNTIFS(Backlog!$A$2:$A$66,$A6,Backlog!$I$2:$I$66,"Must") -> 0 | J6: =COUNTIFS(Backlog!$A$2:$A$66,$A6,Backlog!$I$2:$I$66,"Should") -> 0 | K6: =COUNTIFS(Backlog!$A$2:$A$66,$A6,Backlog!$I$2:$I$66,"Could") -> 0 | L6: Build the spine that every later phase sits on. Nothing user-facing ships in this phase — and that is the point.
A7: P1 | B7: MVP — MFT Self-Service | C7: The one that proves it | D7: Weeks 3–14 | E7: 3 | F7: 14 | G7: =COUNTIF(Backlog!$A$2:$A$66,$A7) -> 32 | H7: =SUMIF(Backlog!$A$2:$A$66,$A7,Backlog!$J$2:$J$66) -> 156 | I7: =COUNTIFS(Backlog!$A$2:$A$66,$A7,Backlog!$I$2:$I$66,"Must") -> 30 | J7: =COUNTIFS(Backlog!$A$2:$A$66,$A7,Backlog!$I$2:$I$66,"Should") -> 2 | K7: =COUNTIFS(Backlog!$A$2:$A$66,$A7,Backlog!$I$2:$I$66,"Could") -> 0 | L7: A user logs in with a username and password, submits a Managed File Transfer request, an admin accepts or rejects it, and an approved request is provisioned automatically with no human touching Boomi.
A8: P2 | B8: API Onboarding, Build & Composition | C8: Contract in, API out | D8: Weeks 15–28 | E8: 15 | F8: 28 | G8: =COUNTIF(Backlog!$A$2:$A$66,$A8) -> 14 | H8: =SUMIF(Backlog!$A$2:$A$66,$A8,Backlog!$J$2:$J$66) -> 105 | I8: =COUNTIFS(Backlog!$A$2:$A$66,$A8,Backlog!$I$2:$I$66,"Must") -> 11 | J8: =COUNTIFS(Backlog!$A$2:$A$66,$A8,Backlog!$I$2:$I$66,"Should") -> 3 | K8: =COUNTIFS(Backlog!$A$2:$A$66,$A8,Backlog!$I$2:$I$66,"Could") -> 0 | L8: A user uploads an OpenAPI specification, the platform validates it, builds and deploys the API automatically, and lets them compose several published APIs into a single mashup — all without a developer writing a Boomi process.
A9: P3 | B9: Enterprise Identity, Governance & Scale | C9: Production-grade | D9: Weeks 29–38 | E9: 29 | F9: 38 | G9: =COUNTIF(Backlog!$A$2:$A$66,$A9) -> 9 | H9: =SUMIF(Backlog!$A$2:$A$66,$A9,Backlog!$J$2:$J$66) -> 44 | I9: =COUNTIFS(Backlog!$A$2:$A$66,$A9,Backlog!$I$2:$I$66,"Must") -> 4 | J9: =COUNTIFS(Backlog!$A$2:$A$66,$A9,Backlog!$I$2:$I$66,"Should") -> 4 | K9: =COUNTIFS(Backlog!$A$2:$A$66,$A9,Backlog!$I$2:$I$66,"Could") -> 1 | L9: Replace the MVP's local login with enterprise SSO, add the controls an auditor will actually test, and take the service to production at scale.
A10: P4 | B10: Event-Driven Onboarding | C10: The third pattern family | D10: Weeks 39–48 | E10: 39 | F10: 48 | G10: =COUNTIF(Backlog!$A$2:$A$66,$A10) -> 4 | H10: =SUMIF(Backlog!$A$2:$A$66,$A10,Backlog!$J$2:$J$66) -> 34 | I10: =COUNTIFS(Backlog!$A$2:$A$66,$A10,Backlog!$I$2:$I$66,"Must") -> 0 | J10: =COUNTIFS(Backlog!$A$2:$A$66,$A10,Backlog!$I$2:$I$66,"Should") -> 3 | K10: =COUNTIFS(Backlog!$A$2:$A$66,$A10,Backlog!$I$2:$I$66,"Could") -> 1 | L10: Extend the same front door to event streaming: AsyncAPI contracts, a browsable event catalogue, and a schema registry that refuses an incompatible change.
A11: P5 | B11: Optimise, Automate & Retire | C11: Retire the legacy tail | D11: Weeks 49–60 | E11: 49 | F11: 60 | G11: =COUNTIF(Backlog!$A$2:$A$66,$A11) -> 6 | H11: =SUMIF(Backlog!$A$2:$A$66,$A11,Backlog!$J$2:$J$66) -> 45 | I11: =COUNTIFS(Backlog!$A$2:$A$66,$A11,Backlog!$I$2:$I$66,"Must") -> 0 | J11: =COUNTIFS(Backlog!$A$2:$A$66,$A11,Backlog!$I$2:$I$66,"Should") -> 5 | K11: =COUNTIFS(Backlog!$A$2:$A$66,$A11,Backlog!$I$2:$I$66,"Could") -> 1 | L11: Make the estate self-maintaining, make its cost visible, and use the portal to industrialise the migration off the legacy integration estate.
B12: TOTAL | G12: =SUM(G6:G11) -> 65 | H12: =SUM(H6:H11) -> 384 | I12: =SUM(I6:I11) -> 45 | J12: =SUM(J6:J11) -> 17 | K12: =SUM(K6:K11) -> 3
A15: Milestones — written as tests, not deliverables
A16: ID | B16: Week | C16: Milestone | D16: The test it must pass
A17: M0 | B17: W4 | C17: Foundations ready | D17: A hand-inserted config row moves a file end-to-end. No component created.
A18: M1 | B18: W14 | C18: MVP live | D18: A non-Boomi user self-serves a live SFTP interface. Approval → provisioned, automatically.
A19: M2 | B19: W22 | C19: Contract-to-API build | D19: An uploaded OpenAPI file becomes a live, secured, rate-limited API with no manual Boomi work.
A20: M3 | B20: W28 | C20: First mashup in production | D20: Three published APIs composed into one composite. Boomi component count unchanged.
A21: M4 | B21: W38 | C21: SSO cutover · production at scale | D21: Local login switched off. Full pre-check engine and step-up MFA live. WCAG 2.2 AA passed.
A22: M5 | B22: W48 | C22: Event-driven onboarding | D22: Publisher and subscriber onboarded through the portal. Incompatible schema rejected at submission.
A23: M6 | B23: W60 | C23: Migration engine live | D23: A legacy inventory bulk-onboarded through the same controls. Dormant tail shrinking.
A26: Legend / how to use
A27: • Yellow-filled, blue-text cells are yours to fill in: Sprint, Status, Owner, Notes (Backlog sheet); Test Ref, Pass/Fail (Acceptance Criteria sheet).
A28: • Every other cell is source content or a formula. The Phase Plan sheet recalculates from the Backlog sheet — do not overtype it.
A29: • Filter the Backlog sheet by column A (Phase) to get a sprintable list for the phase you are planning.
A30: • Story IDs are stable across versions and are the join key to the Acceptance Criteria sheet. Do not renumber them.
A31: • Example row: Sprint = "P1-S2", Status = "Ready", Owner = "A. Patel", Notes = "Blocked on IdP abstraction (Phase 0)".
A32: • Points are planning-poker estimates carried from refinement. They are inputs, not calculations.
A33: • Phase 0 carries no user stories by design — it is technical enabler work tracked separately.

Sheet Backlog
A1: Phase | B1: Phase Name | C1: Story ID | D1: Epic | E1: Epic Name | F1: Persona | G1: Title | H1: User Story | I1: Priority | J1: Points | K1: AC Count | L1: Sprint | M1: Status | N1: Owner | O1: Notes
A2: P1 | B2: MVP — MFT Self-Service | C2: ACC-01 | D2: E1 | E2: Portal Access & Identity | F2: Standard User | G2: Discover the portal and understand what it is for | H2: As a Standard User, I want a landing page that explains what Intelligrator onboards and what it does not, so that I do not waste time submitting a request the portal cannot service. | I2: Must | J2: 3 | K2: 4 | M2: Not started
A3: P1 | B3: MVP — MFT Self-Service | C3: ACC-03 | D3: E1 | E3: Portal Access & Identity | F3: Standard User | G3: Role-based landing dashboard | H3: As a Standard User, I want a dashboard on sign-in showing my requests and a clear call to action to raise a new one, so that I can pick up where I left off in one click. | I3: Must | J3: 3 | K3: 4 | M3: Not started
A4: P1 | B4: MVP — MFT Self-Service | C4: ACC-04 | D4: E1 | E4: Portal Access & Identity | F4: Standard User | G4: Organisation and service-line context | H4: As a Standard User, I want my requests automatically associated with my organisation and service line, so that approval routing and ownership are correct without manual entry. | I4: Must | J4: 3 | K4: 3 | M4: Not started
A5: P1 | B5: MVP — MFT Self-Service | C5: ACC-05 | D5: E1 | E5: Portal Access & Identity | F5: Standard User | G5: Secure session handling and sign-out | H5: As a Standard User, I want my session to expire on inactivity and to be able to sign out explicitly, so that an unattended machine cannot be used to submit or approve requests. | I5: Should | J5: 2 | K5: 4 | M5: Not started
A6: P1 | B6: MVP — MFT Self-Service | C6: ACC-06 | D6: E1 | E6: Portal Access & Identity | F6: Standard User | G6: Sign in with a username and password (MVP authentication) | H6: As a Standard User, I want to sign in with a username and password, so that I can use the portal in the MVP before enterprise single sign-on is available. | I6: Must | J6: 8 | K6: 6 | M6: Not started
A7: P1 | B7: MVP — MFT Self-Service | C7: ACC-07 | D7: E1 | E7: Portal Access & Identity | F7: MFT Admin | G7: Register an account and have it approved by an administrator | H7: As an MFT Admin, I want new accounts to require my approval before they become active, so that the MVP's local login does not become an open door. | I7: Must | J7: 5 | K7: 5 | M7: Not started
A8: P1 | B8: MVP — MFT Self-Service | C8: ADM-02 | D8: E6 | E8: Admin Access & Approval Queue | F8: MFT Admin | G8: Work an approval queue prioritised by risk and SLA | H8: As an MFT Admin, I want a single queue of everything awaiting my decision, ordered so the urgent and risky surface first, so that I spend my attention where it matters. | I8: Must | J8: 8 | K8: 5 | M8: Not started
A9: P1 | B9: MVP — MFT Self-Service | C9: ADM-03 | D9: E6 | E9: Admin Access & Approval Queue | F9: MFT Admin | G9: Open a request and see the complete submission | H9: As an MFT Admin, I want to see everything the requester submitted on one screen, so that I can make a decision without hunting through attachments or emailing for context. | I9: Must | J9: 5 | K9: 5 | M9: Not started
A10: P1 | B10: MVP — MFT Self-Service | C10: AUD-01 | D10: E9 | E10: Audit, Reporting & NFRs | F10: MFT Admin | G10: Maintain an immutable audit trail | H10: As an MFT Admin, I want every action on every request permanently recorded, so that I can demonstrate to an auditor exactly who approved what, when and on what basis. | I10: Must | J10: 5 | K10: 5 | M10: Not started
A11: P1 | B11: MVP — MFT Self-Service | C11: DEC-01 | D11: E7 | E11: Decision: Accept / Reject | F11: MFT Admin | G11: Approve a request | H11: As an MFT Admin, I want to approve a request with a recorded rationale, so that the interface can be provisioned and the decision is defensible after the fact. | I11: Must | J11: 5 | K11: 5 | M11: Not started
A12: P1 | B12: MVP — MFT Self-Service | C12: DEC-02 | D12: E7 | E12: Decision: Accept / Reject | F12: MFT Admin | G12: Reject a request with a reason the requester can act on | H12: As an MFT Admin, I want to reject a request with a structured reason, so that the requester understands precisely what to fix and does not simply resubmit the same thing. | I12: Must | J12: 5 | K12: 5 | M12: Not started
A13: P1 | B13: MVP — MFT Self-Service | C13: DEC-03 | D13: E7 | E13: Decision: Accept / Reject | F13: MFT Admin | G13: Return a request for more information | H13: As an MFT Admin, I want to ask the requester a question without rejecting the request outright, so that a single missing detail does not cost the requester a full resubmission. | I13: Must | J13: 5 | K13: 4 | M13: Not started
... A66: P5 | B66: Optimise, Automate & Retire | C66: TRK-06 | D66: E5 | E66: Track, Amend & Withdraw | F66: Standard User | G66: Request a change or decommission of a live interface | H66: As a Standard User, I want to change or retire an interface that is already live, so that the config store stays accurate and dead interfaces do not linger. | I66: Should | J66: 5 | K66: 4 | M66: Not started

Sheet Acceptance Criteria
A1: Phase | B1: Story ID | C1: Story Title | D1: AC # | E1: Acceptance Criterion (Given / When / Then) | F1: Test Ref | G1: Pass/Fail
A2: P1 | B2: ACC-01 | C2: Discover the portal and understand what it is for | D2: 1 | E2: Given I am an unauthenticated visitor, when I open the portal URL, then I see a landing page stating that Intelligrator onboards Managed File Transfer interfaces and APIs.
A3: P1 | B3: ACC-01 | C3: Discover the portal and understand what it is for | D3: 2 | E3: And I see an explicit "not in scope" statement (no runtime data flows through the portal; no bespoke Boomi process build requests).
A4: P1 | B4: ACC-01 | C4: Discover the portal and understand what it is for | D4: 3 | E4: And I see a single, prominent "Sign in" action.
A5: P1 | B5: ACC-01 | C5: Discover the portal and understand what it is for | D5: 4 | E5: And I see links to the Integration Pattern Catalogue so I can self-assess which pattern applies before signing in.
A6: P1 | B6: ACC-03 | C6: Role-based landing dashboard | D6: 1 | E6: Given I sign in as a requester, when the dashboard loads, then I see counts for Draft, Submitted, Awaiting Info, Approved and Rejected.
A7: P1 | B7: ACC-03 | C7: Role-based landing dashboard | D7: 2 | E7: And I see a primary "New request" button.
A8: P1 | B8: ACC-03 | C8: Role-based landing dashboard | D8: 3 | E8: And I see my five most recently updated requests with status and last-updated timestamp.
A9: P1 | B9: ACC-03 | C9: Role-based landing dashboard | D9: 4 | E9: Given I have no requests, when the dashboard loads, then I see an empty state that explains the next step rather than a blank panel.
A10: P1 | B10: ACC-04 | C10: Organisation and service-line context | D10: 1 | E10: Given my IdP claims include an organisational unit, when I create a request, then the owning organisation is pre-populated and read-only.
A11: P1 | B11: ACC-04 | C11: Organisation and service-line context | D11: 2 | E11: Given I belong to more than one service line, when I create a request, then I am asked to select which one this request belongs to.
A12: P1 | B12: ACC-04 | C12: Organisation and service-line context | D12: 3 | E12: Given the service line drives the approver group, when I submit, then the request is routed to that group's queue.
A13: P1 | B13: ACC-05 | C13: Secure session handling and sign-out | D13: 1 | E13: Given I have been inactive for the configured idle timeout, when the timeout elapses, then my session is terminated and I am returned to the landing page.
... A283: P5 | B283: TRK-06 | C283: Request a change or decommission of a live interface | D283: 4 | E283: Given the interface has been inactive for the configured dormancy period, when the dormancy job runs, then I am prompted to confirm whether it is still required.
