Workbook

Sheet Step Tracker
A1: Legend: edit only the yellow columns (Status, Owner, Notes). Status list: Not started, In progress, Blocked, Done.
A2: Step ID | B2: Phase | C2: Track | D2: Step | E2: Dependencies | F2: Success criteria | G2: Lead role | H2: Status | I2: Owner (name) | J2: Notes / evidence
A3: P0.1 | B3: Mobilise and confirm | C3: Governance | D3: Confirm ADR.040/041 as the MVP candidate and record the executive decision | E3: D5, D7, D8 | F3: - | G3: MVP Lead / Service Owner | H3: Not started
A4: P0.2 | B4: Mobilise and confirm | C4: Governance | D4: Name owners for business, DWIT, security, network, operations, Boomi implementation and 24x7 support | E4: D5, D7, D8 | F4: - | G4: MVP Lead / Service Owner | H4: Not started
A5: P0.3 | B5: Mobilise and confirm | C5: Governance | D5: Confirm data classification, file naming rules, typical and peak file sizes, and quarterly schedule | E5: D5, D7, D8 | F5: - | G5: MVP Lead / Service Owner | H5: Not started
A6: P0.4 | B6: Mobilise and confirm | C6: Governance | D6: Record decision D7: build against current ADR endpoints, re-point to Data Lake later as a configuration change | E6: D5, D7, D8 | F6: - | G6: MVP Lead / Service Owner | H6: Not started
A7: P0.5 | B7: Mobilise and confirm | C7: Governance | D7: Open a RAID log and decision log with named owners; agree go/no-go criteria up front (use SC1 to SC6) | E7: D5, D7, D8 | F7: - | G7: MVP Lead / Service Owner | H7: Not started
A8: P1.1 | B8: Environments and connectivity | C8: Platform (critical path) | D8: Confirm Dev, Test, Pre-prod and Prod MFT tenants and MFT CI/CD portal access | E8: D1, D2, D3, D4, D6 | F8: - | G8: Platform Engineer / Network | H8: Not started
A9: P1.2 | B9: Environments and connectivity | C9: Platform (critical path) | D9: Install and register organisation-hosted runtimes; confirm Windows Server hardening and Defender AV (D6) | E9: D1, D2, D3, D4, D6 | F9: - | G9: Platform Engineer / Network | H9: Not started
A10: P1.3 | B10: Environments and connectivity | C10: Platform (critical path) | D10: Raise firewall and allow-list changes for NPS, ADR and ONS in every environment (inbound and outbound, protocol and port) | E10: D1, D2, D3, D4, D6 | F10: - | G10: Platform Engineer / Network | H10: Not started
A11: P1.4 | B11: Environments and connectivity | C11: Platform (critical path) | D11: Agree with ONS the new sending endpoint, source IPs and a production-like lower environment | E11: D1, D2, D3, D4, D6 | F11: - | G11: Platform Engineer / Network | H11: Not started
A12: P1.5 | B12: Environments and connectivity | C12: Platform (critical path) | D12: Run a connectivity smoke test per endpoint per environment (TCP, protocol handshake, auth) and record evidence | E12: D1, D2, D3, D4, D6 | F12: - | G12: Platform Engineer / Network | H12: Not started
A13: P2.1 | B13: Security and credentials | C13: Security | D13: Exchange SSH host keys / certificates and pin them; agree key rotation ownership | E13: D2, D3, D5, D6 | F13: SC5, SC6 | G13: Security Architect | H13: Not started
A14: P2.2 | B14: Security and credentials | C14: Security | D14: Decide credential storage: native MFT vault now, or documented route to enterprise PAM (tracked gap G-14) | E14: D2, D3, D5, D6 | F14: SC5, SC6 | G14: Security Architect | H14: Not started
... A50: P9.4 | B50: Go/no-go and scale recommendation | C50: Governance | D50: Issue go/no-go and wider adoption recommendation to the executive sponsor | E50: - | F50: SC1, SC2, SC3, SC4, SC5, SC6 | G50: MVP Lead | H50: Not started

Sheet Phase Summary
A1: Phase ID | B1: Phase | C1: Exit gate | D1: Steps | E1: Done | F1: % complete
A2: P0 | B2: Mobilise and confirm | C2: Decision log signed off; owners named; file profile confirmed | D2: =COUNTIF('Step Tracker'!$A$3:$A$50,"P0.*") -> 5 | E2: =COUNTIFS('Step Tracker'!$A$3:$A$50,"P0.*",'Step Tracker'!$H$3:$H$50,"Done") -> 0 | F2: =IFERROR(E2/D2,0) -> 0
A3: P1 | B3: Environments and connectivity | C3: All endpoints reachable from runtime in lower environments with evidence | D3: =COUNTIF('Step Tracker'!$A$3:$A$50,"P1.*") -> 5 | E3: =COUNTIFS('Step Tracker'!$A$3:$A$50,"P1.*",'Step Tracker'!$H$3:$H$50,"Done") -> 0 | F3: =IFERROR(E3/D3,0) -> 0
A4: P2 | B4: Security and credentials | C4: Security design approved; credentials and keys in place | D4: =COUNTIF('Step Tracker'!$A$3:$A$50,"P2.*") -> 5 | E4: =COUNTIFS('Step Tracker'!$A$3:$A$50,"P2.*",'Step Tracker'!$H$3:$H$50,"Done") -> 0 | F4: =IFERROR(E4/D4,0) -> 0
A5: P3 | B5: Configure Leg A (NPS to ADR) | C5: Leg A runs in Dev with a synthetic file | D5: =COUNTIF('Step Tracker'!$A$3:$A$50,"P3.*") -> 5 | E5: =COUNTIFS('Step Tracker'!$A$3:$A$50,"P3.*",'Step Tracker'!$H$3:$H$50,"Done") -> 0 | F5: =IFERROR(E5/D5,0) -> 0
A6: P4 | B6: Configure Leg B (ADR to ONS) | C6: Leg B delivers to ONS lower environment with acknowledgement | D6: =COUNTIF('Step Tracker'!$A$3:$A$50,"P4.*") -> 5 | E6: =COUNTIFS('Step Tracker'!$A$3:$A$50,"P4.*",'Step Tracker'!$H$3:$H$50,"Done") -> 0 | F6: =IFERROR(E6/D6,0) -> 0
A7: P5 | B7: CI/CD promotion | C7: Both legs promoted to Pre-prod via approved pipeline with audit trail | D7: =COUNTIF('Step Tracker'!$A$3:$A$50,"P5.*") -> 5 | E7: =COUNTIFS('Step Tracker'!$A$3:$A$50,"P5.*",'Step Tracker'!$H$3:$H$50,"Done") -> 0 | F7: =IFERROR(E7/D7,0) -> 0
A8: P6 | B8: Observability and audit | C8: Dashboards and alerts demonstrated to operations | D8: =COUNTIF('Step Tracker'!$A$3:$A$50,"P6.*") -> 4 | E8: =COUNTIFS('Step Tracker'!$A$3:$A$50,"P6.*",'Step Tracker'!$H$3:$H$50,"Done") -> 0 | F8: =IFERROR(E8/D8,0) -> 0
A9: P7 | B9: Test | C9: Evidence pack reviewed; defects closed or accepted | D9: =COUNTIF('Step Tracker'!$A$3:$A$50,"P7.*") -> 5 | E9: =COUNTIFS('Step Tracker'!$A$3:$A$50,"P7.*",'Step Tracker'!$H$3:$H$50,"Done") -> 0 | F9: =IFERROR(E9/D9,0) -> 0
A10: P8 | B10: Prove in production and hand over | C10: Live feed delivered; service accepted by operations | D10: =COUNTIF('Step Tracker'!$A$3:$A$50,"P8.*") -> 5 | E10: =COUNTIFS('Step Tracker'!$A$3:$A$50,"P8.*",'Step Tracker'!$H$3:$H$50,"Done") -> 0 | F10: =IFERROR(E10/D10,0) -> 0
A11: P9 | B11: Go/no-go and scale recommendation | C11: Recommendation issued; definition of done met | D11: =COUNTIF('Step Tracker'!$A$3:$A$50,"P9.*") -> 4 | E11: =COUNTIFS('Step Tracker'!$A$3:$A$50,"P9.*",'Step Tracker'!$H$3:$H$50,"Done") -> 0 | F11: =IFERROR(E11/D11,0) -> 0
B12: TOTAL | D12: =SUM(D2:D11) -> 48 | E12: =SUM(E2:E11) -> 0 | F12: =IFERROR(E12/D12,0) -> 0

Sheet Dependencies
A1: ID | B1: Dependency | C1: Owner (name) | D1: Status
A2: D1 | B2: Dev, Test, Pre-prod and Prod environments on Boomi SaaS MFT, including MFT CI/CD portal
A3: D2 | B3: Organisation-hosted Boomi runtimes with anti-virus capability
A4: D3 | B4: End-to-end connectivity, firewall and allow-list changes for NPS, ADR/Data Lake and ONS, with credentials, certificates and host keys
A5: D4 | B5: ONS agreement to receive from the new sending endpoint, plus a production-like lower environment
A6: D5 | B6: Representative or synthetic test files, confirmed file naming rules and data classification
A7: D6 | B7: Windows Server readiness including Microsoft Defender Antivirus and platform security controls
A8: D7 | B8: Decision on ADR-to-Data Lake migration (recommended: build against available endpoint, re-point by configuration)
A9: D8 | B9: Named business, DWIT, security, network, operations contacts plus Boomi implementation and 24x7 support

Sheet Success Criteria
A1: ID | B1: Criterion
A2: SC1 | B2: Leg A delivers the file into the ADR or Data Lake landing area
A3: SC2 | B3: Leg B delivers directly to ONS and receipt is acknowledged
A4: SC3 | B4: Both legs configured in Dev and promoted through approval-controlled CI/CD
A5: SC4 | B5: Scheduling runs without manual intervention; transfer history visible end to end
A6: SC5 | B6: Non-arrival, transfer failure and scan failure raise evidenced alerts to a named team
A7: SC6 | B7: Each transfer creates an auditable record: source, destination, size, checksum, timestamps, outcome

Sheet Recommendations
A1: ID | B1: Recommendation | C1: Rationale
A2: R1 | B2: Treat connectivity as the critical path | C2: Firewall, allow-list and ONS changes take longest. Raise them in P0/P1 before configuration is ready.
A3: R2 | B3: Test file size against the AV scan ceiling early | C3: If the scan file exceeds the approx 250 MB AV limit (G-15), the scan-failure path becomes the normal path.
A4: R3 | B4: Decide credential storage explicitly | C4: No documented native route to enterprise PAM (G-14). Record the MVP choice and the target state as a decision.
A5: R4 | B5: Document rollback for config promotion | C5: MFT configuration is data, not a build artefact (G-13). Prove rollback as re-promotion of the prior version.
A6: R5 | B6: Build against current ADR, re-point later | C6: Proving re-pointing to the Data Lake as a config-only change is itself evidence for scale.
A7: R6 | B7: Prove SFTP through any load balancer early | C7: Protocol-layer load balancing, source NAT and allow-lists can break external delivery to ONS.
A8: R7 | B8: Keep the legacy route warm until live proof | C8: Run the first production quarter with a fallback to UTM and IF/SDES until SC1 and SC2 are evidenced.
A9: R8 | B9: Agree the ONS acknowledgement mechanism | C9: SC2 requires acknowledged receipt; confirm what counts as an acknowledgement before build.
